"prefix","idorgNamespace","title","description","sourceType","baseUri","alternatePrefixes","licence","versionInfo"
"dwc","","DWC_SCHEMA","None","ONTOLOGY","","dwc,DWC","https://creativecommons.org/licenses/by/4.0/","Last updated in the ontology lookup service on 2021-02-04T16:19:21.142+0000"
"emp","","EMP_SCHEMA","None","ONTOLOGY","","emp,EMP","https://creativecommons.org/licenses/by/4.0/","Last updated in the ontology lookup service on 2021-02-04T16:19:25.922+0000"
"gold","","GOLD_SCHEMA","None","ONTOLOGY","","gold,GOLD","https://creativecommons.org/licenses/by/4.0/","Last updated in the ontology lookup service on 2021-02-04T16:19:32.484+0000"
"kbase","","KBase_SCHEMA","None","ONTOLOGY","","kbase,KBASE","https://creativecommons.org/licenses/by/4.0/","Last updated in the ontology lookup service on 2021-02-04T16:19:38.385+0000"
"mixs","","MIXS_SCHEMA","None","ONTOLOGY","","mixs,MIXS","https://creativecommons.org/licenses/by/4.0/","Last updated in the ontology lookup service on 2021-02-04T16:19:45.628+0000"
"mixs6","","MIXS6_SCHEMA","None","ONTOLOGY","","mixs6,MIXS6","https://creativecommons.org/licenses/by/4.0/","Last updated in the ontology lookup service on 2021-02-04T16:19:55.082+0000"
"neon","","Neon_SCHEMA","None","ONTOLOGY","","neon,NEON","https://creativecommons.org/licenses/by/4.0/","Last updated in the ontology lookup service on 2021-02-04T16:20:24.774+0000"
"AgBase","","AgBase resource for functional analysis of agricultural plant and animal gene products","None","DATABASE","https://agbase.arizona.edu/cgi-bin/getEntry.pl?db_pick=all&database=Swiss-Prot&gb_acc=","AgBase,agbase,AGBASE","None","None"
"AGI_LocusCode","","Arabidopsis Genome Initiative","None","DATABASE","http://arabidopsis.org/servlets/TairObject?type=locus&name=","AGI_LocusCode,agi_locuscode,AGI_LOCUSCODE","None","None"
"AGRICOLA_ID","","AGRICultural OnLine Access","None","DATABASE","","AGRICOLA_ID,agricola_id","None","None"
"AGRICOLA_IND","","AGRICultural OnLine Access","None","DATABASE","","AGRICOLA_IND,agricola_ind","None","None"
"Alzheimers_University_of_Toronto","","Alzheimers Project at University of Toronto","None","DATABASE","","Alzheimers_University_of_Toronto,alzheimers_university_of_toronto,ALZHEIMERS_UNIVERSITY_OF_TORONTO","None","None"
"ApiDB_PlasmoDB","","PlasmoDB Plasmodium Genome Resource","None","DATABASE","http://www.plasmodb.org/gene/","ApiDB_PlasmoDB,apidb_plasmodb,APIDB_PLASMODB","None","None"
"APweb","","Angiosperm Phylogeny Website","None","DATABASE","http://www.mobot.org/mobot/research/apweb/top/glossarya_h.html","APweb,apweb,APWEB","None","None"
"ARUK-UCL","","Alzheimers Research Gene Ontology Initiative","None","DATABASE","","ARUK-UCL,aruk-ucl","None","None"
"ASAP","","A Systematic Annotation Package for Community Analysis of Genomes","None","DATABASE","https://asap.genetics.wisc.edu/asap/feature_info.php?FeatureID=","ASAP,asap","None","None"
"AspGD","","Aspergillus Genome Database","None","DATABASE","http://www.aspergillusgenome.org/cgi-bin/locus.pl?dbid=","AspGD,aspgd,ASPGD","None","None"
"AspGD_LOCUS","","Aspergillus Genome Database","None","DATABASE","http://www.aspergillusgenome.org/cgi-bin/locus.pl?locus=","AspGD_LOCUS,aspgd_locus,ASPGD_LOCUS","None","None"
"AspGD_REF","","Aspergillus Genome Database","None","DATABASE","http://www.aspergillusgenome.org/cgi-bin/reference/reference.pl?dbid=","AspGD_REF,aspgd_ref,ASPGD_REF","None","None"
"BFO","","Basic Formal Ontology","None","DATABASE","http://purl.obolibrary.org/obo/BFO_","BFO,bfo","None","None"
"BHF-UCL","","Cardiovascular Gene Ontology Annotation Initiative","None","DATABASE","","BHF-UCL,bhf-ucl","None","None"
"BioCyc","","BioCyc collection of metabolic pathway databases","None","DATABASE","http://biocyc.org/META/NEW-IMAGE?type=PATHWAY&object=","BioCyc,biocyc,BIOCYC","None","None"
"BIOMD","","BioModels Database","None","DATABASE","https://www.ebi.ac.uk/biomodels/","BIOMD,biomd","None","None"
"bioRxiv","","bioRxiv","None","DATABASE","https://www.biorxiv.org/content/","bioRxiv,biorxiv,BIORXIV","None","None"
"BRENDA","","BRENDA, The Comprehensive Enzyme Information System","None","DATABASE","https://www.brenda-enzymes.info/enzyme.php?ecno=","BRENDA,brenda","None","None"
"BTO","","BRENDA tissue / enzyme ontology","None","DATABASE","http://purl.obolibrary.org/obo/BTO_","BTO,bto","None","None"
"CACAO","","Community Assessment of Community Annotation with Ontologies","None","DATABASE","https://gowiki.tamu.edu/wiki/index.php/","CACAO,cacao","None","None"
"CAFA","","Critical Assessment of Protein Function Annotation","None","DATABASE","","CAFA,cafa","None","None"
"CARO","","Common Anatomy Reference Ontology","None","DATABASE","http://purl.obolibrary.org/obo/CARO_","CARO,caro","None","None"
"CAS","","CAS Chemical Registry","None","DATABASE","","CAS,cas","None","None"
"CASGEN","","Catalog of Fishes genus database","None","DATABASE","http://research.calacademy.org/research/ichthyology/catalog/getname.asp?rank=Genus&id=","CASGEN,casgen","None","None"
"CASREF","","Catalog of Fishes publications database","None","DATABASE","http://research.calacademy.org/research/ichthyology/catalog/getref.asp?id=","CASREF,casref","None","None"
"CASSPC","","Catalog of Fishes species database","None","DATABASE","http://research.calacademy.org/research/ichthyology/catalog/getname.asp?rank=Species&id=","CASSPC,casspc","None","None"
"CAZY","","Carbohydrate Active EnZYmes","None","DATABASE","http://www.cazy.org/.html","CAZY,cazy","None","None"
"DTU","","DTU Health Tech Services","None","DATABASE","","DTU,dtu","None","None"
"CDD","","Conserved Domain Database at NCBI","None","DATABASE","http://www.ncbi.nlm.nih.gov/Structure/cdd/cddsrv.cgi?uid=","CDD,cdd","None","None"
"CGD","","Candida Genome Database","None","DATABASE","http://www.candidagenome.org/cgi-bin/locus.pl?dbid=","CGD,cgd","None","None"
"CGD_LOCUS","","Candida Genome Database","None","DATABASE","http://www.candidagenome.org/cgi-bin/locus.pl?locus=","CGD_LOCUS,cgd_locus","None","None"
"CGD_REF","","Candida Genome Database","None","DATABASE","http://www.candidagenome.org/cgi-bin/reference/reference.pl?dbid=","CGD_REF,cgd_ref","None","None"
"CGSC","","CGSC","None","DATABASE","","CGSC,cgsc","None","None"
"CHEBI","","Chemical Entities of Biological Interest","None","DATABASE","http://www.ebi.ac.uk/chebi/searchId.do?chebiId=CHEBI:","CHEBI,chebi","None","None"
"CL","","Cell Type Ontology","None","DATABASE","http://purl.obolibrary.org/obo/CL_","CL,cl","None","None"
"CO_125","","Crop Ontology CGIAR Musa Anatomy","None","DATABASE","","CO_125,co_125","None","None"
"COG","","NCBI Clusters of Orthologous Groups","None","DATABASE","","COG,cog","None","None"
"COG_Cluster","","NCBI COG cluster","None","DATABASE","http://www.ncbi.nlm.nih.gov/COG/new/release/cow.cgi?cog=","COG_Cluster,cog_cluster,COG_CLUSTER","None","None"
"COG_Function","","NCBI COG function","None","DATABASE","http://www.ncbi.nlm.nih.gov/COG/grace/shokog.cgi?fun=","COG_Function,cog_function,COG_FUNCTION","None","None"
"COG_Pathway","","NCBI COG pathway","None","DATABASE","http://www.ncbi.nlm.nih.gov/COG/new/release/coglist.cgi?pathw=","COG_Pathway,cog_pathway,COG_PATHWAY","None","None"
"CollecTF","","Database of transcription factor binding sites (TFBS) in the Bacteria domain","None","DATABASE","","CollecTF,collectf,COLLECTF","None","None"
"ComplexPortal","","Complex Portal database of macromolecular complexes","None","DATABASE","https://www.ebi.ac.uk/complexportal/complex/","ComplexPortal,complexportal,COMPLEXPORTAL","None","None"
"CORIELL","","Coriell Institute for Medical Research","None","DATABASE","http://ccr.coriell.org/Sections/Search/Sample_Detail.aspx?Ref=","CORIELL,coriell","None","None"
"CORUM","","CORUM - the Comprehensive Resource of Mammalian protein complexes","None","DATABASE","https://mips.helmholtz-muenchen.de/corum/?id=","CORUM,corum","None","None"
"cribi_vitis","","Vitis CRIBI database","None","DATABASE","http://genomes.cribi.unipd.it/cgi-bin/pqs2/report.pl?gene_name=&release=v1","cribi_vitis,CRIBI_VITIS","None","None"
"dbSNP","","NCBI dbSNP","None","DATABASE","http://www.ncbi.nlm.nih.gov/projects/SNP/snp_ref.cgi?rs=","dbSNP,dbsnp,DBSNP","None","None"
"DDANAT","","Dictyostelium discoideum anatomy","None","DATABASE","","DDANAT,ddanat","None","None"
"DDBJ","","DNA Databank of Japan","None","DATABASE","http://getentry.ddbj.nig.ac.jp/getentry/na/","DDBJ,ddbj","None","None"
"dictyBase","","dictyBase","None","DATABASE","http://dictybase.org/gene/","dictyBase,dictybase,DICTYBASE","None","None"
"dictyBase_gene_name","","dictyBase","None","DATABASE","http://dictybase.org/gene/","dictyBase_gene_name,dictybase_gene_name,DICTYBASE_GENE_NAME","None","None"
"dictyBase_REF","","dictyBase literature references","None","DATABASE","http://dictybase.org/publication/","dictyBase_REF,dictybase_ref,DICTYBASE_REF","None","None"
"DOI","","Digital Object Identifier","None","DATABASE","http://dx.doi.org/","DOI,doi","None","None"
"EC","","Enzyme Commission","None","DATABASE","https://enzyme.expasy.org/EC/","EC,ec","None","None"
"EchoBASE","","EchoBASE post-genomic database for Escherichia coli","None","DATABASE","https://www.york.ac.uk/res/thomas/Gene.cfm?&recordID=","EchoBASE,echobase,ECHOBASE","None","None"
"ECO","","Evidence Code Ontology","None","DATABASE","http://www.evidenceontology.org/browse/#ECO_","ECO,eco","None","None"
"EcoCyc","","Encyclopedia of E. coli metabolism","None","DATABASE","http://biocyc.org/ECOLI/NEW-IMAGE?type=PATHWAY&object=","EcoCyc,ecocyc,ECOCYC","None","None"
"EcoCyc_REF","","Encyclopedia of E. coli metabolism","None","DATABASE","http://biocyc.org/ECOLI/reference.html?type=CITATION-FRAME&object=","EcoCyc_REF,ecocyc_ref,ECOCYC_REF","None","None"
"EcoliWiki","","EcoliWiki from EcoliHub","None","DATABASE","","EcoliWiki,ecoliwiki,ECOLIWIKI","None","None"
"EMAPA","","Mouse gross anatomy and development, abstract","None","DATABASE","http://www.informatics.jax.org/vocab/gxd/anatomy/EMAPA:","EMAPA,emapa","None","None"
"EMBL","","EMBL Nucleotide Sequence Database","None","DATABASE","http://www.ebi.ac.uk/cgi-bin/emblfetch?style=html&Submit=Go&id=","EMBL,embl","None","None"
"ENA","","European Nucleotide Archive","None","DATABASE","http://www.ebi.ac.uk/ena/data/view/","ENA,ena","None","None"
"ENSEMBL","","Ensembl database of automatically annotated genomic data","None","DATABASE","http://www.ensembl.org/id/","ENSEMBL,ensembl","None","None"
"ENSEMBL_GeneID","","Ensembl database of automatically annotated genomic data","None","DATABASE","http://www.ensembl.org/id/","ENSEMBL_GeneID,ensembl_geneid,ENSEMBL_GENEID","None","None"
"ENSEMBL_ProteinID","","Ensembl database of automatically annotated genomic data","None","DATABASE","http://www.ensembl.org/id/","ENSEMBL_ProteinID,ensembl_proteinid,ENSEMBL_PROTEINID","None","None"
"ENSEMBL_TranscriptID","","Ensembl database of automatically annotated genomic data","None","DATABASE","http://www.ensembl.org/id/","ENSEMBL_TranscriptID,ensembl_transcriptid,ENSEMBL_TRANSCRIPTID","None","None"
"EnsemblFungi","","Ensembl Fungi, the Ensembl database for accessing genome-scale data from fungi.","None","DATABASE","http://www.ensemblgenomes.org/id/","EnsemblFungi,ensemblfungi,ENSEMBLFUNGI","None","None"
"EnsemblMetazoa","","Ensembl Metazoa, the Ensembl database for accessing genome-scale data from non-vertebrate metazoa.","None","DATABASE","http://www.ensemblgenomes.org/id/","EnsemblMetazoa,ensemblmetazoa,ENSEMBLMETAZOA","None","None"
"EnsemblPlants","","Ensembl Plants, the Ensembl database for accessing genome-scale data from plants.","None","DATABASE","http://www.ensemblgenomes.org/id/","EnsemblPlants,ensemblplants,ENSEMBLPLANTS","None","None"
"EnsemblProtists","","Ensembl Protists, the Ensembl database for accessing genome-scale data from protists.","None","DATABASE","http://www.ensemblgenomes.org/id/","EnsemblProtists,ensemblprotists,ENSEMBLPROTISTS","None","None"
"ENZYME","","Swiss Institute of Bioinformatics enzyme database","None","DATABASE","https://enzyme.expasy.org/EC/","ENZYME,enzyme","None","None"
"EO_GIT","","GitHub Issue Tracker for EO","None","DATABASE","https://github.com/Planteome/plant-environment-ontology/issues/","EO_GIT,eo_git","None","None"
"EuPathDB","","The Eukaryotic Pathogen Database","None","DATABASE","http://eupathdb.org/gene/","EuPathDB,eupathdb,EUPATHDB","None","None"
"Eurofung","","Eurofungbase community annotation","None","DATABASE","","Eurofung,eurofung,EUROFUNG","None","None"
"FB","","FlyBase","None","DATABASE","http://flybase.org/reports/.html","FB,fb","None","None"
"FBbt","","Drosophila gross anatomy","None","DATABASE","http://flybase.org/cgi-bin/fbcvq.html?query=FBbt:","FBbt,fbbt,FBBT","None","None"
"FMA","","Foundational Model of Anatomy","None","DATABASE","","FMA,fma","None","None"
"FYPO","","Fission Yeast Phenotype Ontology","None","DATABASE","","FYPO,fypo","None","None"
"GenBank","","GenBank","None","DATABASE","http://www.ncbi.nlm.nih.gov/entrez/viewer.fcgi?db=nucleotide&val=","GenBank,genbank,GENBANK","None","None"
"Gene3D","","Domain Architecture Classification","None","DATABASE","http://gene3d.biochem.ucl.ac.uk/search?mode=family&sterm=","Gene3D,gene3d,GENE3D","None","None"
"GeneDB","","GeneDB","None","DATABASE","http://www.genedb.org/gene/","GeneDB,genedb,GENEDB","None","None"
"Genesys-pgr","","Gene DB, Genesys","None","DATABASE","https://www.genesys-pgr.org/acn/search?q=","Genesys-pgr,genesys-pgr,GENESYS-PGR","None","None"
"GEO","","NCBI Gene Expression Omnibus","None","DATABASE","http://www.ncbi.nlm.nih.gov/sites/GDSbrowser?acc=","GEO,geo","None","None"
"GO","","Gene Ontology Database","None","DATABASE","http://amigo.geneontology.org/amigo/term/GO:","GO,go","None","None"
"GO_Central","","GO Central","None","DATABASE","","GO_Central,go_central,GO_CENTRAL","None","None"
"GO_Noctua","","GO Noctua","None","DATABASE","","GO_Noctua,go_noctua,GO_NOCTUA","None","None"
"GO_REF","","Gene Ontology Database references","None","DATABASE","http://purl.obolibrary.org/obo/go/references/","GO_REF,go_ref","None","None"
"gomodel","","Gene Ontology Causal Activity Model Database","None","DATABASE","http://www.geneontology.org/gocam/","gomodel,GOMODEL","None","None"
"GOC","","Gene Ontology Consortium","None","DATABASE","","GOC,goc","None","None"
"GOC-OWL","","Gene Ontology Consortium - Logical inferences","None","DATABASE","","GOC-OWL,goc-owl","None","None"
"GONUTS","","Gene Ontology Normal Usage Tracking System (GONUTS)","None","DATABASE","https://gowiki.tamu.edu/wiki/index.php/","GONUTS,gonuts","None","None"
"GOREL","","GO Extensions to OBO Relation Ontology Ontology","None","DATABASE","","GOREL,gorel","None","None"
"GR","","Gramene","None","DATABASE","http://www.gramene.org/db/searches/browser?search_type=All&RGN=on&query=","GR,gr","None","None"
"GR_Ensembl","","Gramene","None","DATABASE","http://gramene.org/?idList=","GR_Ensembl,gr_ensembl,GR_ENSEMBL","None","None"
"GR_GENE","","Gramene","None","DATABASE","http://www.gramene.org/db/genes/search_gene?acc=","GR_GENE,gr_gene","None","None"
"GR_MUT","","A Comparative Mapping Resource for Grains","None","DATABASE","http://www.gramene.org/db/genes/search_gene?acc=","GR_MUT,gr_mut","None","None"
"GR_PROTEIN","","Gramene","None","DATABASE","http://www.gramene.org/db/protein/protein_search?acc=","GR_PROTEIN,gr_protein","None","None"
"GR_QTL","","Gramene","None","DATABASE","http://www.gramene.org/db/qtl/qtl_display?qtl_accession_id=","GR_QTL,gr_qtl","None","None"
"GR_REF","","Gramene","None","DATABASE","http://www.gramene.org/db/literature/pub_search?ref_id=","GR_REF,gr_ref","None","None"
"GRIN","","Germplasm Resources Information Network","None","DATABASE","https://npgsweb.ars-grin.gov/gringlobal/accessiondetail.aspx?id=","GRIN,grin","None","None"
"GRINDesc","","Germplasm Resources Information Network","None","DATABASE","https://npgsweb.ars-grin.gov/gringlobal/descriptordetail.aspx?id=","GRINDesc,grindesc,GRINDESC","None","None"
"H-invDB","","H-invitational Database","None","DATABASE","","H-invDB,h-invdb,H-INVDB","None","None"
"H-invDB_cDNA","","H-invitational Database","None","DATABASE","http://www.h-invitational.jp/hinv/spsoup/transcript_view?acc_id=","H-invDB_cDNA,h-invdb_cdna,H-INVDB_CDNA","None","None"
"H-invDB_locus","","H-invitational Database","None","DATABASE","http://www.h-invitational.jp/hinv/spsoup/locus_view?hix_id=","H-invDB_locus,h-invdb_locus,H-INVDB_LOCUS","None","None"
"HAMAP","","High-quality Automated and Manual Annotation of microbial Proteomes","None","DATABASE","http://hamap.expasy.org/unirule/","HAMAP,hamap","None","None"
"HGNC","","HUGO Gene Nomenclature Committee","None","DATABASE","https://www.genenames.org/data/gene-symbol-report/#!/hgnc_id/HGNC:","HGNC,hgnc","None","None"
"HPA","","Human Protein Atlas tissue profile information","None","DATABASE","http://www.proteinatlas.org/tissue_profile.php?antibody_id=","HPA,hpa","None","None"
"HPA_antibody","","Human Protein Atlas antibody information","None","DATABASE","http://www.proteinatlas.org/antibody_info.php?antibody_id=","HPA_antibody,hpa_antibody,HPA_ANTIBODY","None","None"
"HUGO","","Human Genome Organisation","None","DATABASE","","HUGO,hugo","None","None"
"IAO","","Information Artifact Ontology","None","DATABASE","","IAO,iao","None","None"
"IMG","","Integrated Microbial Genomes; JGI web site for genome annotation","None","DATABASE","http://img.jgi.doe.gov/cgi-bin/pub/main.cgi?section=GeneDetail&page=geneDetail&gene_oid=","IMG,img","None","None"
"IMGT_HLA","","IMGT/HLA human major histocompatibility complex sequence database","None","DATABASE","","IMGT_HLA,imgt_hla","None","None"
"IMGT_LIGM","","ImMunoGeneTics database covering immunoglobulins and T-cell receptors","None","DATABASE","","IMGT_LIGM,imgt_ligm","None","None"
"IntAct","","IntAct protein interaction database","None","DATABASE","https://www.ebi.ac.uk/intact/pages/interactions/interactions.xhtml?query=","IntAct,intact,INTACT","None","None"
"InterPro","","InterPro database of protein domains and motifs","None","DATABASE","http://www.ebi.ac.uk/interpro/entry/","InterPro,interpro,INTERPRO","None","None"
"iPTMnet","","iPTMnet protein post-translational modification database","None","DATABASE","https://research.bioinformatics.udel.edu/iptmnet/entry//","iPTMnet,iptmnet,IPTMNET","None","None"
"IRIC","","International Rice Research Institute","None","DATABASE","https://oryzasnp.org/_variety.zul?irisid=","IRIC,iric","None","None"
"IRGC","","International Rice Genebank Collection","None","DATABASE","https://www.genesys-pgr.org/acn/search?q=IRGC+","IRGC,irgc","None","None"
"ISBN","","International Standard Book Number","None","DATABASE","https://www.worldcat.org/search?q=bn%3A","ISBN,isbn","None","None"
"ISSN","","International Standard Serial Number","None","DATABASE","","ISSN,issn","None","None"
"IUPHAR/BPS","","IUPHAR/BPS Guide to Pharmacology","None","DATABASE","","IUPHAR/BPS,iuphar/bps","None","None"
"IUPHAR_GPCR","","International Union of Pharmacology","None","DATABASE","https://www.guidetopharmacology.org/GRAC/FamilyDisplayForward?familyId=","IUPHAR_GPCR,iuphar_gpcr","None","None"
"IUPHAR_RECEPTOR","","International Union of Pharmacology","None","DATABASE","https://www.guidetopharmacology.org/GRAC/ObjectDisplayForward?objectId=","IUPHAR_RECEPTOR,iuphar_receptor","None","None"
"Jaiswal_Lab","","Jaiswal_Lab","None","DATABASE","http://wiki.plantontology.org/index.php/PO_REF:00008","Jaiswal_Lab,jaiswal_lab,JAISWAL_LAB","None","None"
"TIGRFAMS","","TIGRFAMs HMM collection at the J. Craig Venter Institute","None","DATABASE","http://tigrfams.jcvi.org/cgi-bin/HmmReportPage.cgi?acc=","TIGRFAMS,tigrfams","None","None"
"JSTOR","","Digital archive of scholarly articles","None","DATABASE","https://www.jstor.org/stable/","JSTOR,jstor","None","None"
"KEGG","","Kyoto Encyclopedia of Genes and Genomes","None","DATABASE","","KEGG,kegg","None","None"
"KEGG_ENZYME","","KEGG Enzyme Database","None","DATABASE","http://www.genome.jp/dbget-bin/www_bget?ec:","KEGG_ENZYME,kegg_enzyme","None","None"
"KEGG_LIGAND","","KEGG LIGAND Database","None","DATABASE","http://www.genome.jp/dbget-bin/www_bget?cpd:","KEGG_LIGAND,kegg_ligand","None","None"
"KEGG_PATHWAY","","KEGG Pathways Database","None","DATABASE","http://www.genome.jp/dbget-bin/www_bget?path:","KEGG_PATHWAY,kegg_pathway","None","None"
"KEGG_REACTION","","KEGG Reaction Database","None","DATABASE","http://www.genome.jp/dbget-bin/www_bget?rn:","KEGG_REACTION,kegg_reaction","None","None"
"LIFEdb","","LifeDB","None","DATABASE","https://www.dkfz.de/en/mga/Groups/LIFEdb-Database.html?ID=","LIFEdb,lifedb,LIFEDB","None","None"
"MA","","Adult Mouse Anatomical Dictionary","None","DATABASE","http://www.informatics.jax.org/searches/AMA.cgi?id=MA:","MA,ma","None","None"
"MACSC_REF","","Maize Genetics and Genomics Database","None","DATABASE","http://www.maizegdb.org/cgi-bin/displaytraitrecord.cgi?id=","MACSC_REF,macsc_ref","None","None"
"MaizeGDB","","MaizeGDB","None","DATABASE","https://maizegdb.org/gene_center/gene/","MaizeGDB,maizegdb,MAIZEGDB","None","None"
"MaizeGDB_Locus","","MaizeGDB","None","DATABASE","https://www.maizegdb.org/gene_center/gene/","MaizeGDB_Locus,maizegdb_locus,MAIZEGDB_LOCUS","None","None"
"MaizeGDB_QTL","","Maize Genetics and Genomics Database","None","DATABASE","https://www.maizegdb.org/data_center/trait?id=","MaizeGDB_QTL,maizegdb_qtl,MAIZEGDB_QTL","None","None"
"MaizeGDB_REF","","Maize Genetics and Genomics Database","None","DATABASE","http://maizegdb.org/data_center/reference?id=","MaizeGDB_REF,maizegdb_ref,MAIZEGDB_REF","None","None"
"MaizeGDB_stock","","Maize Genetics and Genomics Database","None","DATABASE","https://maizegdb.org/data_center/stock?id=","MaizeGDB_stock,maizegdb_stock,MAIZEGDB_STOCK","None","None"
"MEDLINE","","Medline literature database","None","DATABASE","","MEDLINE,medline","None","None"
"MEROPS","","MEROPS peptidase database","None","DATABASE","https://www.ebi.ac.uk/merops/cgi-bin/pepsum?id=","MEROPS,merops","None","None"
"MEROPS_fam","","MEROPS peptidase database","None","DATABASE","https://www.ebi.ac.uk/merops/cgi-bin/famsum?family=","MEROPS_fam,merops_fam,MEROPS_FAM","None","None"
"MeSH","","Medical Subject Headings","None","DATABASE","http://id.nlm.nih.gov/mesh/","MeSH,mesh,MESH","None","None"
"MetaCyc","","Metabolic Encyclopedia of metabolic and other pathways","None","DATABASE","http://biocyc.org/META/NEW-IMAGE?type=NIL&object=","MetaCyc,metacyc,METACYC","None","None"
"MGCSC_GENETIC_STOCKS","","Maize Genetics and Genomics Database","None","DATABASE","http://www.maizegdb.org/cgi-bin/displaystockrecord.cgi?id=","MGCSC_GENETIC_STOCKS,mgcsc_genetic_stocks","None","None"
"MGD","","Mouse Genome Database","None","DATABASE","","MGD,mgd","None","None"
"MGI","","Mouse Genome Informatics","None","DATABASE","http://www.informatics.jax.org/accession/","MGI,mgi","None","None"
"MIPS_funcat","","MIPS Functional Catalogue","None","DATABASE","http://mips.gsf.de/cgi-bin/proj/funcatDB/search_advanced.pl?action=2&wert=","MIPS_funcat,mips_funcat,MIPS_FUNCAT","None","None"
"MITRE","","The MITRE Corporation","None","DATABASE","","MITRE,mitre","None","None"
"ModBase","","ModBase comprehensive Database of Comparative Protein Structure Models","None","DATABASE","http://salilab.org/modbase/searchbyid?databaseID=","ModBase,modbase,MODBASE","None","None"
"NASC_code","","Nottingham Arabidopsis Stock Centre Seeds Database","None","DATABASE","http://seeds.nottingham.ac.uk/NASC/stockatidb.lasso?code=","NASC_code,nasc_code,NASC_CODE","None","None"
"NC-IUBMB","","Nomenclature Committee of the International Union of Biochemistry and Molecular Biology","None","DATABASE","","NC-IUBMB,nc-iubmb","None","None"
"NCBI","","National Center for Biotechnology Information","None","DATABASE","","NCBI,ncbi","None","None"
"NCBIGene","","NCBI Gene","None","DATABASE","https://www.ncbi.nlm.nih.gov/gene/","NCBIGene,ncbigene,NCBIGENE","None","None"
"NCBI_gi","","NCBI databases","None","DATABASE","http://www.ncbi.nlm.nih.gov/entrez/viewer.fcgi?val=","NCBI_gi,ncbi_gi,NCBI_GI","None","None"
"NCBI_GP","","NCBI GenPept","None","DATABASE","https://www.ncbi.nlm.nih.gov/protein/","NCBI_GP,ncbi_gp","None","None"
"NCBI_locus_tag","","NCBI locus tag","None","DATABASE","","NCBI_locus_tag,ncbi_locus_tag,NCBI_LOCUS_TAG","None","None"
"NCBI_NP","","NCBI Protein","None","DATABASE","","NCBI_NP,ncbi_np","None","None"
"NIF_Subcellular","","Neuroscience Information Framework standard ontology, subcellular hierarchy","None","DATABASE","http://www.neurolex.org/wiki/","NIF_Subcellular,nif_subcellular,NIF_SUBCELLULAR","None","None"
"NTNU_SB","","Norwegian University of Science and Technology, Systems Biology team","None","DATABASE","","NTNU_SB,ntnu_sb","None","None"
"OBI","","Ontology for Biomedical Investigations","None","DATABASE","","OBI,obi","None","None"
"OBO_SF_PO","","Source Forge OBO Plant Ontology (PO) term request tracker","None","DATABASE","https://sourceforge.net/tracker/index.php?func=detail&aid=&group_id=76834&atid=835555","OBO_SF_PO,obo_sf_po","None","None"
"OBO_SF2_PO","","Source Forge OBO Plant Ontology (PO) term request tracker","None","DATABASE","http://sourceforge.net/p/obo/plant-ontology-po-term-requests/","OBO_SF2_PO,obo_sf2_po","None","None"
"OBO_SF2_PECO","","Source Forge OBO plant-experimental-conditions-ontology (PECO) term request tracker","None","DATABASE","https://sourceforge.net/p/obo/plant-environment-ontology-eo/","OBO_SF2_PECO,obo_sf2_peco","None","None"
"OMIM","","Mendelian Inheritance in Man","None","DATABASE","https://omim.org/entry/","OMIM,omim","None","None"
"OMSSA","","Open Mass Spectrometry Search Algorithm","None","DATABASE","","OMSSA,omssa","None","None"
"PANTHER","","Protein ANalysis THrough Evolutionary Relationships Classification System","None","DATABASE","http://www.pantherdb.org/panther/lookupId.jsp?id=","PANTHER,panther","None","None"
"ParkinsonsUK-UCL","","Parkinsons Disease Gene Ontology Initiative","None","DATABASE","","ParkinsonsUK-UCL,parkinsonsuk-ucl,PARKINSONSUK-UCL","None","None"
"PATO","","Phenotypic quality ontology","None","DATABASE","","PATO,pato","None","None"
"PATRIC","","PathoSystems Resource Integration Center","None","DATABASE","https://www.patricbrc.org/view/Feature/","PATRIC,patric","None","None"
"PDB","","Protein Data Bank","None","DATABASE","https://www.rcsb.org/structure/","PDB,pdb","None","None"
"PECO_GIT","","GitHub Issue Tracker for PECO","None","DATABASE","https://github.com/Planteome/plant-environment-ontology/issues/","PECO_GIT,peco_git","None","None"
"Pfam","","Pfam database of protein families","None","DATABASE","http://pfam.xfam.org/family/","Pfam,pfam,PFAM","None","None"
"PharmGKB","","Pharmacogenetics and Pharmacogenomics Knowledge Base","None","DATABASE","https://www.pharmgkb.org/do/serve?objId=","PharmGKB,pharmgkb,PHARMGKB","None","None"
"PhenoScape","","PhenoScape Knowledgebase","None","DATABASE","","PhenoScape,phenoscape,PHENOSCAPE","None","None"
"PIR","","Protein Information Resource","None","DATABASE","https://proteininformationresource.org/cgi-bin/nbrfget?uid=","PIR,pir","None","None"
"PIRSF","","PIR Superfamily Classification System","None","DATABASE","http://pir.georgetown.edu/cgi-bin/ipcSF?id=","PIRSF,pirsf","None","None"
"PlantSystematics_image_archive","","PlantSystematics.org","None","DATABASE","http://www.plantsystematics.org/imagebyid_.html","PlantSystematics_image_archive,plantsystematics_image_archive,PLANTSYSTEMATICS_IMAGE_ARCHIVE","None","None"
"PMCID","","Pubmed Central","None","DATABASE","https://www.ncbi.nlm.nih.gov/pmc/articles/","PMCID,pmcid","None","None"
"PMID","","PubMed","None","DATABASE","http://www.ncbi.nlm.nih.gov/pubmed/","PMID,pmid","None","None"
"PO","","Plant Ontology","None","DATABASE","http://browser.planteome.org/amigo/term/PO:","PO,po","None","None"
"PO_GIT","","GitHub Issue Tracker for PO","None","DATABASE","https://github.com/Planteome/plant-ontology/issues/","PO_GIT,po_git","None","None"
"PO_REF","","Plant Ontology custom references","None","DATABASE","http://planteome.org/po_ref/","PO_REF,po_ref","None","None"
"POC","","Plant Ontology Consortium","None","DATABASE","","POC,poc","None","None"
"PomBase","","PomBase","None","DATABASE","https://www.pombase.org/gene/","PomBase,pombase,POMBASE","None","None"
"Pompep","","Schizosaccharomyces pombe protein data","None","DATABASE","","Pompep,pompep,POMPEP","None","None"
"PPI","","Pseudomonas syringae community annotation project","None","DATABASE","","PPI,ppi","None","None"
"PR","","Protein Ontology","None","DATABASE","https://proconsortium.org/app/entry/PR_","PR,pr","None","None"
"PRINTS","","PRINTS compendium of protein fingerprints","None","DATABASE","http://www.bioinf.manchester.ac.uk/cgi-bin/dbbrowser/sprint/searchprintss.cgi?display_opts=Prints&category=None&queryform=false&regexpr=off&prints_accn=","PRINTS,prints","None","None"
"Prosite","","Prosite database of protein families and domains","None","DATABASE","https://prosite.expasy.org/","Prosite,prosite,PROSITE","None","None"
"protein_id","","DDBJ / ENA / GenBank","None","DATABASE","","protein_id,PROTEIN_ID","None","None"
"PseudoCAP","","Pseudomonas Genome Project","None","DATABASE","http://www.pseudomonas.com/feature/show?locus_tag=","PseudoCAP,pseudocap,PSEUDOCAP","None","None"
"PSO_GIT","","GitHub Issue Tracker for PSO","None","DATABASE","https://github.com/Planteome/plant-stress-ontology/issues/","PSO_GIT,pso_git","None","None"
"PSI-MI","","Proteomic Standard Initiative for Molecular Interaction","None","DATABASE","http://purl.obolibrary.org/obo/","PSI-MI,psi-mi","None","None"
"PSI-MOD","","Proteomics Standards Initiative protein modification ontology","None","DATABASE","http://purl.obolibrary.org/obo/","PSI-MOD,psi-mod","None","None"
"PSORT","","PSORT protein subcellular localization databases and prediction tools for bacteria","None","DATABASE","","PSORT,psort","None","None"
"PubChem_BioAssay","","NCBI PubChem database of bioassay records","None","DATABASE","https://pubchem.ncbi.nlm.nih.gov/bioassay/","PubChem_BioAssay,pubchem_bioassay,PUBCHEM_BIOASSAY","None","None"
"PubChem_Compound","","NCBI PubChem database of chemical structures","None","DATABASE","https://pubchem.ncbi.nlm.nih.gov/compound/","PubChem_Compound,pubchem_compound,PUBCHEM_COMPOUND","None","None"
"PubChem_Substance","","NCBI PubChem database of chemical substances","None","DATABASE","https://pubchem.ncbi.nlm.nih.gov/substance/","PubChem_Substance,pubchem_substance,PUBCHEM_SUBSTANCE","None","None"
"RAP-DB","","Rice annotation Project database","None","DATABASE","https://rapdb.dna.affrc.go.jp/viewer/gene_detail/irgsp1?name=","RAP-DB,rap-db","None","None"
"Reactome","","Reactome - a curated knowledgebase of biological pathways","None","DATABASE","https://www.reactome.org/content/detail/","Reactome,reactome,REACTOME","None","None"
"REBASE","","REBASE restriction enzyme database","None","DATABASE","http://rebase.neb.com/rebase/enz/.html","REBASE,rebase","None","None"
"RefGenome","","GO Reference Genomes","None","DATABASE","","RefGenome,refgenome,REFGENOME","None","None"
"RefSeq","","RefSeq","None","DATABASE","http://www.ncbi.nlm.nih.gov/entrez/viewer.fcgi?val=","RefSeq,refseq,REFSEQ","None","None"
"RESID","","RESID Database of Protein Modifications","None","DATABASE","https://proteininformationresource.org/cgi-bin/resid?id=","RESID,resid","None","None"
"Rfam","","Rfam database of RNA families","None","DATABASE","https://rfam.org/family/","Rfam,rfam,RFAM","None","None"
"RGD","","Rat Genome Database","None","DATABASE","https://rgd.mcw.edu/rgdweb/search/search.html?term=","RGD,rgd","None","None"
"RHEA","","Rhea, the Annotated Reactions Database","None","DATABASE","https://www.rhea-db.org/rhea/","RHEA,rhea","None","None"
"RiceSES","","Rice Knowledge Bank","None","DATABASE","http://www.knowledgebank.irri.org/extension/crop-damage-diseases/.html","RiceSES,riceses,RICESES","None","None"
"RNAcentral","","RNAcentral","None","DATABASE","https://rnacentral.org/rna/","RNAcentral,rnacentral,RNACENTRAL","None","None"
"RNAmods","","RNA Modification Database","None","DATABASE","https://mods.rna.albany.edu/mods/modifications/view/","RNAmods,rnamods,RNAMODS","None","None"
"RO","","OBO Relation Ontology Ontology","None","DATABASE","http://purl.obolibrary.org/obo/RO_","RO,ro","None","None"
"SABIO-RK","","SABIO Reaction Kinetics","None","DATABASE","http://sabio.villa-bosch.de/reacdetails.jsp?reactid=","SABIO-RK,sabio-rk","None","None"
"Sanger","","Wellcome Trust Sanger Institute","None","DATABASE","","Sanger,sanger,SANGER","None","None"
"SEED","","The SEED;","None","DATABASE","http://www.theseed.org/linkin.cgi?id=","SEED,seed","None","None"
"SGD","","Saccharomyces Genome Database","None","DATABASE","https://www.yeastgenome.org/locus/","SGD,sgd","None","None"
"SGD_LOCUS","","Saccharomyces Genome Database","None","DATABASE","http://www.yeastgenome.org/locus//overview","SGD_LOCUS,sgd_locus","None","None"
"SGD_REF","","Saccharomyces Genome Database","None","DATABASE","http://www.yeastgenome.org/reference//overview","SGD_REF,sgd_ref","None","None"
"SGN","","Sol Genomics Network","None","DATABASE","http://solgenomics.net/phenome/locus_display.pl?locus_id=","SGN,sgn","None","None"
"SGN_ref","","Sol Genomics Network","None","DATABASE","https://sgn.cornell.edu/chado/publication.pl?pub_id=","SGN_ref,sgn_ref,SGN_REF","None","None"
"SGN_germplasm","","Sol Genomics Network","None","DATABASE","http://solgenomics.net/stock//view/","SGN_germplasm,sgn_germplasm,SGN_GERMPLASM","None","None"
"SMART","","Simple Modular Architecture Research Tool","None","DATABASE","http://smart.embl-heidelberg.de/smart/do_annotation.pl?BLAST=DUMMY&DOMAIN=","SMART,smart","None","None"
"SO","","Sequence Ontology","None","DATABASE","http://www.sequenceontology.org/browser/current_svn/term/SO:","SO,so","None","None"
"Soy_gene","","SoyBase","None","DATABASE","https://www.soybase.org/sbt/search/search_results.php?category=FeatureName&search_term=","Soy_gene,soy_gene,SOY_GENE","None","None"
"SOY_QTL","","SoyBase","None","DATABASE","https://www.soybase.org/sbt/search/search_results.php?category=QTLName&search_term=","SOY_QTL,soy_qtl","None","None"
"SOY_ref","","SoyBase","None","DATABASE","https://www.soybase.org/sbt/search/search_results.php?category=Soybase_ID&search_term=","SOY_ref,soy_ref,SOY_REF","None","None"
"SUPERFAMILY","","SUPERFAMILY protein annotation database","None","DATABASE","http://supfam.org/scop/","SUPERFAMILY,superfamily","None","None"
"SynGO","","The Synapse Gene Ontology and Annotation Initiative","None","DATABASE","","SynGO,syngo,SYNGO","None","None"
"SynGO-UCL","","The Synapse Gene Ontology and Annotation Initiative at UCL","None","DATABASE","","SynGO-UCL,syngo-ucl,SYNGO-UCL","None","None"
"SYSCILIA_CCNET","","Syscilia","None","DATABASE","","SYSCILIA_CCNET,syscilia_ccnet","None","None"
"TAIR","","The Arabidopsis Information Resource","None","DATABASE","http://arabidopsis.org/servlets/TairObject?accession=","TAIR,tair","None","None"
"taxon","","NCBI Taxonomy","None","DATABASE","http://www.ncbi.nlm.nih.gov/Taxonomy/Browser/wwwtax.cgi?id=","taxon,TAXON","None","None"
"TC","","Transport Protein Database","None","DATABASE","http://www.tcdb.org/tcdb/index.php?tc=","TC,tc","None","None"
"TGD","","Tetrahymena Genome Database","None","DATABASE","","TGD,tgd","None","None"
"TGD_LOCUS","","Tetrahymena Genome Database","None","DATABASE","http://db.ciliate.org/cgi-bin/locus.pl?locus=","TGD_LOCUS,tgd_locus","None","None"
"TGD_REF","","Tetrahymena Genome Database","None","DATABASE","http://db.ciliate.org/cgi-bin/reference/reference.pl?dbid=","TGD_REF,tgd_ref","None","None"
"TO_GIT","","GitHub Issue Tracker for TO","None","DATABASE","https://github.com/Planteome/plant-trait-ontology/issues/","TO_GIT,to_git","None","None"
"TRANSFAC","","TRANSFAC database of eukaryotic transcription factors","None","DATABASE","","TRANSFAC,transfac","None","None"
"TreeGenes","","Forest Tree Genome Database","None","DATABASE","http://dendrome.ucdavis.edu/treegenes/protein/view_protein.php?id=","TreeGenes,treegenes,TREEGENES","None","None"
"UBERON","","Uber-anatomy ontology","None","DATABASE","http://purl.obolibrary.org/obo/UBERON_","UBERON,uberon","None","None"
"UM-BBD","","EAWAG Biocatalysis/Biodegradation Database","None","DATABASE","","UM-BBD,um-bbd","None","None"
"UM-BBD_enzymeID","","EAWAG Biocatalysis/Biodegradation Database","None","DATABASE","http://eawag-bbd.ethz.ch/servlets/pageservlet?ptype=ep&enzymeID=","UM-BBD_enzymeID,um-bbd_enzymeid,UM-BBD_ENZYMEID","None","None"
"UM-BBD_pathwayID","","EAWAG Biocatalysis/Biodegradation Database","None","DATABASE","http://eawag-bbd.ethz.ch//_map.html","UM-BBD_pathwayID,um-bbd_pathwayid,UM-BBD_PATHWAYID","None","None"
"UM-BBD_reactionID","","EAWAG Biocatalysis/Biodegradation Database","None","DATABASE","http://eawag-bbd.ethz.ch/servlets/pageservlet?ptype=r&reacID=","UM-BBD_reactionID,um-bbd_reactionid,UM-BBD_REACTIONID","None","None"
"UM-BBD_ruleID","","EAWAG Biocatalysis/Biodegradation Database","None","DATABASE","http://eawag-bbd.ethz.ch/servlets/rule.jsp?rule=","UM-BBD_ruleID,um-bbd_ruleid,UM-BBD_RULEID","None","None"
"UniParc","","UniProt Archive","None","DATABASE","https://www.uniprot.org/uniparc/","UniParc,uniparc,UNIPARC","None","None"
"UniPathway","","UniPathway","None","DATABASE","http://www.grenoble.prabi.fr/obiwarehouse/unipathway/upa?upid=","UniPathway,unipathway,UNIPATHWAY","None","None"
"UniProt","","Universal Protein Knowledgebase","None","DATABASE","","UniProt,uniprot,UNIPROT","None","None"
"UniProtKB","","Universal Protein Knowledgebase","None","DATABASE","https://www.uniprot.org/uniprot/","UniProtKB,uniprotkb,UNIPROTKB","None","None"
"UniProtKB-KW","","UniProt Knowledgebase keywords","None","DATABASE","https://www.uniprot.org/keywords/","UniProtKB-KW,uniprotkb-kw,UNIPROTKB-KW","None","None"
"UniProtKB-SubCell","","UniProt Knowledgebase Subcellular Location vocabulary","None","DATABASE","http://www.uniprot.org/locations/","UniProtKB-SubCell,uniprotkb-subcell,UNIPROTKB-SUBCELL","None","None"
"UniRule","","Manually curated rules for automatic annotation of UniProtKB unreviewed entries","None","DATABASE","https://www.uniprot.org/unirule/","UniRule,unirule,UNIRULE","None","None"
"VZ","","ViralZone","None","DATABASE","http://viralzone.expasy.org/all_by_protein/.html","VZ,vz","None","None"
"WB","","WormBase database of nematode biology","None","DATABASE","http://www.wormbase.org/get?name=","WB,wb","None","None"
"WB_REF","","WormBase database of nematode biology","None","DATABASE","http://www.wormbase.org/get?name=","WB_REF,wb_ref","None","None"
"WBbt","","C. elegans gross anatomy","None","DATABASE","http://www.wormbase.org/get?name=","WBbt,wbbt,WBBT","None","None"
"WBls","","C. elegans development","None","DATABASE","http://www.wormbase.org/get?name=","WBls,wbls,WBLS","None","None"
"WBPhenotype","","WormBase phenotype ontology","None","DATABASE","http://www.wormbase.org/get?name=","WBPhenotype,wbphenotype,WBPHENOTYPE","None","None"
"Wikipedia","","Wikipedia","None","DATABASE","http://en.wikipedia.org/wiki/","Wikipedia,wikipedia,WIKIPEDIA","None","None"
"Xenbase","","Xenbase","None","DATABASE","http://www.xenbase.org/common/xsearch.do?exactSearch=true&searchIn=7&searchValue=","Xenbase,xenbase,XENBASE","None","None"
"YeastFunc","","Yeast Function","None","DATABASE","","YeastFunc,yeastfunc,YEASTFUNC","None","None"
"YuBioLab","","CITGeneDB","None","DATABASE","","YuBioLab,yubiolab,YUBIOLAB","None","None"
"ZFIN","","Zebrafish Information Network","None","DATABASE","http://zfin.org/","ZFIN,zfin","None","None"
"TFClass","","TFClass is a resource for the classification of eukaryotic transcription factors based on the characteristics of their DNA-binding domains","None","DATABASE","http://tfclass.bioinf.med.uni-goettingen.de/?tfclass=","TFClass,tfclass,TFCLASS","None","None"
"HGNC-UCL","","UCL-based HGNC","None","DATABASE","","HGNC-UCL,hgnc-ucl","None","None"
"Animal_QTLdb","","QTLdb","None","DATABASE","https://www.animalgenome.org/QTLdb/q?id=","Animal_QTLdb,animal_qtldb,ANIMAL_QTLDB","None","None"
"Animal_CorrDB","","CorrDB","None","DATABASE","https://www.animalgenome.org/CorrDB/q/?id=","Animal_CorrDB,animal_corrdb,ANIMAL_CORRDB","None","None"
"paxo","","paxo","None","DATABASE","","paxo,PAXO","None","1"
"LNC","","LOINC","Logical Observation Identifiers Names and Codes","DATABASE","","loinc,LOINC,LNC,lnc","None","1"
